date,month_year,month_index,month_num,city,pm25,pm10,no2,so2,o3,sensor_count
2017-01-01,Jan-17,1,1,Bengaluru,50.6,105.7,38.4,2.5,,16
2017-02-01,Feb-17,2,2,Bengaluru,49.1,103.3,36.5,9.1,,16
2017-03-01,Mar-17,3,3,Bengaluru,47.2,98.1,35.1,2.9,,16
2017-04-01,Apr-17,4,4,Bengaluru,46.4,97.9,31.7,4.6,,16
2017-05-01,May-17,5,5,Bengaluru,40.7,80.6,29.9,4.3,,16
2017-06-01,Jun-17,6,6,Bengaluru,42.1,79.5,29.7,4.6,,16
2017-07-01,Jul-17,7,7,Bengaluru,36.8,80.3,30.5,2.5,,16
2017-08-01,Aug-17,8,8,Bengaluru,37.0,86.1,30.3,2.4,,16
2017-09-01,Sep-17,9,9,Bengaluru,33.7,77.2,32.9,2.6,,16
2017-10-01,Oct-17,10,10,Bengaluru,45.0,90.6,33.0,6.0,,16
2017-11-01,Nov-17,11,11,Bengaluru,39.7,82.0,34.5,2.3,,16
2017-12-01,Dec-17,12,12,Bengaluru,42.5,84.0,34.5,2.7,,16
2018-01-01,Jan-18,13,1,Bengaluru,21.2,93.5,32.3,2.2,,16
2018-02-01,Feb-18,14,2,Bengaluru,45.4,94.5,29.7,2.2,,16
2018-03-01,Mar-18,15,3,Bengaluru,19.5,94.1,32.8,2.5,,16
2018-04-01,Apr-18,16,4,Bengaluru,21.6,106.6,33.1,2.4,,16
2018-05-01,May-18,17,5,Bengaluru,13.1,85.5,30.0,2.4,,16
2018-06-01,Jun-18,18,6,Bengaluru,28.5,70.3,26.3,3.8,21.1,21
2018-07-01,Jul-18,19,7,Bengaluru,30.9,73.8,25.5,4.3,16.4,21
2018-08-01,Aug-18,20,8,Bengaluru,30.1,77.1,24.4,3.8,9.1,21
2018-09-01,Sep-18,21,9,Bengaluru,32.8,82.6,31.8,3.7,21.6,21
2018-10-01,Oct-18,22,10,Bengaluru,45.6,103.1,34.8,3.5,22.4,21
2018-11-01,Nov-18,23,11,Bengaluru,49.7,98.0,34.9,3.1,26.6,21
2018-12-01,Dec-18,24,12,Bengaluru,49.6,87.3,34.5,2.8,55.0,21
