substation_id,district,taluk,substation_name,voltage_kv,commission_date_raw,commission_date,commission_year,asset_age_years,infrastructure_tier
SS001,Bangalore Urban,Bangalore East,Hoody,400,31-03-1995,1995-03-31,1995.0,31.0,Transmission (EHV)
SS002,Bangalore Rural,Nelamangala,Nelamangala,400,31-03-2002,2002-03-31,2002.0,24.0,Transmission (EHV)
SS003,Bangalore Urban,Bangalore North,AnandRao Circle,220,28-05-2010,2010-05-28,2010.0,16.0,Transmission (EHV)
SS004,Ramanagar,Ramanagara,Bidadi,220,29-10-1998,1998-10-29,1998.0,28.0,Transmission (EHV)
SS005,Chikkaballapur,Chintamani,Chintamani,220,18-12-2002,2002-12-18,2002.0,24.0,Transmission (EHV)
SS006,Bangalore Rural,Doddaballapura,D B Pura,220,12-10-1998,1998-10-12,1998.0,28.0,Transmission (EHV)
SS007,Bangalore Rural,Nelamangala,Dabaspet (Nelamangala),220,31-03-2009,2009-03-31,2009.0,17.0,Transmission (EHV)
SS008,Bangalore Rural,Devanahalli,"Devanahalli  (BangaloreIA)",220,25-11-2006,2006-11-25,2006.0,20.0,Transmission (EHV)
SS009,Bangalore Urban,Bangalore East,East DivisionCompound,220,20-12-2010,2010-12-20,2010.0,16.0,Transmission (EHV)
SS010,Bangalore Urban,Bangalore East,"EPIP, White field (GIS)",220,10-01-2014,2014-01-10,2014.0,12.0,Transmission (EHV)
SS011,Chikkaballapur,Gowribidanur,Gowribidanur,220,27-03-1987,1987-03-27,1987.0,39.0,Transmission (EHV)
SS012,Bangalore Urban,Bangalore East,HAL,220,31-08-2008,2008-08-31,2008.0,18.0,Transmission (EHV)
SS013,Bangalore Urban,Bangalore North,Hebbal,220,02-07-1994,1994-07-02,1994.0,32.0,Transmission (EHV)
SS014,Bangalore Urban,Bangalore East,Hoody,220,15-01-1979,1979-01-15,1979.0,47.0,Transmission (EHV)
SS015,Bangalore Rural,Hosakote,Hosakote,220,04-04-2009,2009-04-04,2009.0,17.0,Transmission (EHV)
SS016,Bangalore Urban,Bangalore South,HSR  Layout,220,26-01-1998,1998-01-26,1998.0,28.0,Transmission (EHV)
SS017,Bangalore Urban,Anekal,Jigani/ Bannergatta,220,30-09-2011,2011-09-30,2011.0,15.0,Transmission (EHV)
SS018,Ramanagar,Kanakapura,Kanakapura,220,01-01-2008,2008-01-01,2008.0,18.0,Transmission (EHV)
SS019,Bangalore Urban,Bangalore South,Khodays glass factory,220,30-07-2015,2015-07-30,2015.0,11.0,Transmission (EHV)
SS020,Bangalore Rural,Doddaballapura,KIADB  (D B Pura),220,13-07-1995,1995-07-13,1995.0,31.0,Transmission (EHV)
SS021,Kolar,Kolar,Kolar,220,21-08-2009,2009-08-21,2009.0,17.0,Transmission (EHV)
SS022,Bangalore Urban,Bangalore South,Koramangala,220,Completed,,,,Transmission (EHV)
SS023,Ramanagar,Magadi,Magadi,220,14-02-2017,2017-02-14,2017.0,9.0,Transmission (EHV)
SS024,Kolar,Malur,Malur,220,22-09-1999,1999-09-22,1999.0,27.0,Transmission (EHV)
SS025,Chikkaballapur,Bagepalli,Mittemari,220,30-03-2019,2019-03-30,2019.0,7.0,Transmission (EHV)
SS026,Bangalore Urban,Bangalore South,Naganathapura,220,29-05-2009,2009-05-29,2009.0,17.0,Transmission (EHV)
SS027,Bangalore Urban,Bangalore South,Nimhans,220,26-02-2012,2012-02-26,2012.0,14.0,Transmission (EHV)
SS028,Bangalore Urban,Bangalore North,NRS (220kV) Rajainagar,220,05-06-1998,1998-06-05,1998.0,28.0,Transmission (EHV)
SS029,Bangalore Urban,Anekal,Sarjapur,220,31-03-2009,2009-03-31,2009.0,17.0,Transmission (EHV)
SS030,Bangalore Urban,Bangalore South,Somanahalli,220,01-07-1986,1986-07-01,1986.0,40.0,Transmission (EHV)
SS031,Bangalore Urban,Bangalore North,SRS Peenya,220,25-01-1965,1965-01-25,1965.0,61.0,Transmission (EHV)
SS032,Bangalore Urban,Bangalore South,Subramanyapura,220,02-10-1986,1986-10-02,1986.0,40.0,Transmission (EHV)
SS033,Bangalore Urban,Bangalore East,Vikas Technical Park,220,06-03-2017,2017-03-06,2017.0,9.0,Transmission (EHV)
SS034,Bangalore Urban,Bangalore North,Vrushabhavathi Valley,220,04-03-2009,2009-03-04,2009.0,17.0,Transmission (EHV)
SS035,Bangalore Urban,Anekal,Yarandanahalli,220,24-02-1999,1999-02-24,1999.0,27.0,Transmission (EHV)
SS036,Bangalore Urban,Bangalore North,Yelahanka(DG Plant),220,28-12-2015,2015-12-28,2015.0,11.0,Transmission (EHV)
SS037,Bangalore Urban,Bangalore North,A' Station,66,01-07-1920,1920-07-01,1920.0,106.0,Distribution (66kV)
SS038,Bangalore Urban,Bangalore North,Abbigere,66,24-03-2011,2011-03-24,2011.0,15.0,Distribution (66kV)
SS039,Kolar,Srinivaspur,Addagal,66,15-08-1999,1999-08-15,1999.0,27.0,Distribution (66kV)
SS040,Bangalore Urban,Bangalore South,Adugodi,66,19-08-1964,1964-08-19,1964.0,62.0,Distribution (66kV)
SS041,Ramanagar,Magadi,Agalakote Hulikatte,66,26-12-2007,2007-12-26,2007.0,19.0,Distribution (66kV)
SS042,Ramanagar,Channapatna,Akkurmole,66,16-12-1994,1994-12-16,1994.0,32.0,Distribution (66kV)
SS043,Ramanagar,Kanakapura,Allimaranahalli,66,22-11-2016,2016-11-22,2016.0,10.0,Distribution (66kV)
SS044,Bangalore Urban,Bangalore North,Alur,66,31-08-2017,2017-08-31,2017.0,9.0,Distribution (66kV)
SS045,Bangalore Urban,Bangalore East,Amarajyoti,66,30-03-2001,2001-03-30,2001.0,25.0,Distribution (66kV)
SS046,Kolar,Bangarpet,Andersonpet,66,10-07-2000,2000-07-10,2000.0,26.0,Distribution (66kV)
SS047,Bangalore Urban,Anekal,Anekal,66,28-05-2004,2004-05-28,2004.0,22.0,Distribution (66kV)
SS048,Bangalore Urban,Bangalore South,Anjanapura,66,29-11-2008,2008-11-29,2008.0,18.0,Distribution (66kV)
SS049,Bangalore Rural,Doddaballapura,Apparel park,66,03-11-2010,2010-11-03,2010.0,16.0,Distribution (66kV)
SS050,Bangalore Urban,Bangalore South,Arehalli,66,04-11-1999,1999-11-04,1999.0,27.0,Distribution (66kV)
SS051,Bangalore Urban,Anekal,Attibele,66,27-07-2007,2007-07-27,2007.0,19.0,Distribution (66kV)
SS052,Bangalore Urban,Bangalore South,Austin Town,66,02-12-1995,1995-12-02,1995.0,31.0,Distribution (66kV)
SS053,Kolar,Mulbagal,Avani (Kashipura),66,27-09-2007,2007-09-27,2007.0,19.0,Distribution (66kV)
SS054,Bangalore Urban,Bangalore East,B' Station,66,18-12-1995,1995-12-18,1995.0,31.0,Distribution (66kV)
SS055,Chikkaballapur,Bagepalli,Bagepalli,66,01-01-1964,1964-01-01,1964.0,62.0,Distribution (66kV)
SS056,Bangalore Urban,Bangalore South,Bagmane Tech Park,66,22-12-2005,2005-12-22,2005.0,21.0,Distribution (66kV)
SS057,Kolar,Mulbagal,Bairakur,66,07-10-2013,2013-10-07,2013.0,13.0,Distribution (66kV)
SS058,Bangalore Urban,Bangalore South,Banashankari,66,24-01-1987,1987-01-24,1987.0,39.0,Distribution (66kV)
SS059,Bangalore Urban,Bangalore East,Banaswadi.,66,01-05-1989,1989-05-01,1989.0,37.0,Distribution (66kV)
SS060,Kolar,Bangarpet,Bangarpet,66,01-01-1991,1991-01-01,1991.0,35.0,Distribution (66kV)
SS061,Bangalore Urban,Bangalore South,Bannergatta Road,66,12-03-2003,2003-03-12,2003.0,23.0,Distribution (66kV)
SS062,Bangalore Urban,Bangalore North,"Bengaluru InternationalExhibition center (BIEC)",66,31-03-2018,2018-03-31,2018.0,8.0,Distribution (66kV)
SS063,Ramanagar,Channapatna,Bevoor,66,05-08-2006,2006-08-05,2006.0,20.0,Distribution (66kV)
SS064,Ramanagar,Ramanagara,Bidadi,66,29-10-1998,1998-10-29,1998.0,28.0,Distribution (66kV)
SS065,Ramanagar,Kanakapura,"Bijjahalli(Arendappanahalli)",66,26-10-2017,2017-10-26,2017.0,9.0,Distribution (66kV)
SS066,Bangalore Urban,Bangalore South,BMTC,66,26-02-2004,2004-02-26,2004.0,22.0,Distribution (66kV)
SS067,Bangalore Urban,Anekal,Bommasandra_IA,66,25-01-2014,2014-01-25,2014.0,12.0,Distribution (66kV)
SS068,Bangalore Urban,Bangalore North,Brigade Gateway,66,15-10-2010,2010-10-15,2010.0,16.0,Distribution (66kV)
SS069,Bangalore Urban,Bangalore North,Brindavan,66,16-11-1995,1995-11-16,1995.0,31.0,Distribution (66kV)
SS070,Bangalore Urban,Bangalore South,BTM 4th Phase,66,28-09-2008,2008-09-28,2008.0,18.0,Distribution (66kV)
SS071,Bangalore Urban,Bangalore North,Budigere,66,19-03-2009,2009-03-19,2009.0,17.0,Distribution (66kV)
SS072,Kolar,Bangarpet,Budikote,66,29-10-2009,2009-10-29,2009.0,17.0,Distribution (66kV)
SS073,Bangalore Urban,Bangalore North,Byadarahalli,66,31-05-2006,2006-05-31,2006.0,20.0,Distribution (66kV)
SS074,Bangalore Urban,Bangalore East,C' Station,66,01-08-1999,1999-08-01,1999.0,27.0,Distribution (66kV)
SS075,Chikkaballapur,Chikkaballapur,CB Pura  I/A,66,04-12-1998,1998-12-04,1998.0,28.0,Distribution (66kV)
SS076,Chikkaballapur,Chikkaballapur,CB Pura (U),66,30-08-1979,1979-08-30,1979.0,47.0,Distribution (66kV)
SS077,Chikkaballapur,Bagepalli,Chakavelu,66,14-07-2003,2003-07-14,2003.0,23.0,Distribution (66kV)
SS078,Bangalore Urban,Anekal,Chandapura,66,19-02-1983,1983-02-19,1983.0,43.0,Distribution (66kV)
SS079,Bangalore Urban,Bangalore North,Chandra Layout,66,07-12-1999,1999-12-07,1999.0,27.0,Distribution (66kV)
SS080,Ramanagar,Magadi,"Chandrappa Circle(Donnenahalli)",66,19-02-2010,2010-02-19,2010.0,16.0,Distribution (66kV)
SS081,Ramanagar,Channapatna,Channapatna,66,18-06-1961,1961-06-18,1961.0,65.0,Distribution (66kV)
SS082,Ramanagar,Kanakapura,Chatra(Rayasandra),66,28-12-2016,2016-12-28,2016.0,10.0,Distribution (66kV)
SS083,Chikkaballapur,Shidlagatta,Cheemangala,66,03-03-2003,2003-03-03,2003.0,23.0,Distribution (66kV)
SS084,Chikkaballapur,Bagepalli,Chelur,66,29-03-2013,2013-03-29,2013.0,13.0,Distribution (66kV)
SS085,Ramanagar,Ramanagara,Chikkagangawadi,66,28-08-2010,2010-08-28,2010.0,16.0,Distribution (66kV)
SS086,Ramanagar,Kanakapura,Chikkenahalli,66,08-07-2002,2002-07-08,2002.0,24.0,Distribution (66kV)
SS087,Chikkaballapur,Chintamani,Chintamani,66,05-05-1987,1987-05-05,1987.0,39.0,Distribution (66kV)
SS088,Bangalore Rural,Nelamangala,Dabaspet,66,31-03-2009,2009-03-31,2009.0,17.0,Distribution (66kV)
SS089,Kolar,Srinivaspur,Dalasanur,66,19-07-2007,2007-07-19,2007.0,19.0,Distribution (66kV)
SS090,Ramanagar,Channapatna,Dashavara,66,14-11-2017,2017-11-14,2017.0,9.0,Distribution (66kV)
SS091,Bangalore Rural,Doddaballapura,D'Cross (D.B.Pura),66,19-06-1961,1961-06-19,1961.0,65.0,Distribution (66kV)
SS092,Bangalore Rural,Hosakote,Devanagondi/Kalkunte,66,14-12-2012,2012-12-14,2012.0,14.0,Distribution (66kV)
SS093,Bangalore Rural,Devanahalli,Devanahalli,66,01-01-1972,1972-01-01,1972.0,54.0,Distribution (66kV)
SS094,Bangalore Urban,Bangalore South,Devarabisanahalli,66,31-01-2007,2007-01-31,2007.0,19.0,Distribution (66kV)
SS095,Chikkaballapur,Gowribidanur,Dharinayakanapalya,66,31-03-2007,2007-03-31,2007.0,19.0,Distribution (66kV)
SS096,Chikkaballapur,Shidlagatta,Dibburahally,66,18-09-1992,1992-09-18,1992.0,34.0,Distribution (66kV)
SS097,Bangalore Rural,Doddaballapura,Doddabelavangala,66,04-01-1996,1996-01-04,1996.0,30.0,Distribution (66kV)
SS098,Kolar,Kolar,"Doddakari(Bethamangala)",66,21-09-2017,2017-09-21,2017.0,9.0,Distribution (66kV)
SS099,Ramanagar,Kanakapura,Doddalahalli,66,15-08-2015,2015-08-15,2015.0,11.0,Distribution (66kV)
SS100,Bangalore Urban,Anekal,Dommasandra,66,30-04-1992,1992-04-30,1992.0,34.0,Distribution (66kV)
SS101,Bangalore Urban,Bangalore South,Electronic City,66,26-07-1997,1997-07-26,1997.0,29.0,Distribution (66kV)
SS102,Bangalore Urban,Bangalore South,"Electronic City (SectionII Phase II)",66,15-12-2007,2007-12-15,2007.0,19.0,Distribution (66kV)
SS103,Bangalore Urban,Bangalore South,"Electronic city Sec I PhII",66,29-06-2007,2007-06-29,2007.0,19.0,Distribution (66kV)
SS104,Bangalore Urban,Bangalore South,Elite Promonede,66,29-07-2009,2009-07-29,2009.0,17.0,Distribution (66kV)
SS105,Bangalore Urban,Bangalore East,"EPIP, White field",66,08-02-2006,2006-02-08,2006.0,20.0,Distribution (66kV)
SS106,Kolar,Kolar,Ganjikunte,66,27-09-2008,2008-09-27,2008.0,18.0,Distribution (66kV)
SS107,Ramanagar,Kanakapura,Godur (Tattakere),66,27-03-2018,2018-03-27,2018.0,8.0,Distribution (66kV)
SS108,Bangalore Urban,Bangalore North,Gokula,66,16-12-1979,1979-12-16,1979.0,47.0,Distribution (66kV)
SS109,Bangalore Urban,Bangalore South,Golf Links,66,31-03-2009,2009-03-31,2009.0,17.0,Distribution (66kV)
SS110,Bangalore Rural,Nelamangala,Gudemaranahalli,66,20-01-2011,2011-01-20,2011.0,15.0,Distribution (66kV)
SS111,Chikkaballapur,Gudibande,Gudibande,66,25-08-1995,1995-08-25,1995.0,31.0,Distribution (66kV)
SS112,Bangalore Rural,Doddaballapura,Gundamgere,66,19-12-2009,2009-12-19,2009.0,17.0,Distribution (66kV)
SS113,Chikkaballapur,Gowribidanur,Gundlu Kothur,66,28-02-2008,2008-02-28,2008.0,18.0,Distribution (66kV)
SS114,Ramanagar,Kanakapura,Guruvinapura,66,20-06-2018,2018-06-20,2018.0,8.0,Distribution (66kV)
SS115,Kolar,Mulbagal,H Gollahalli,66,19-09-2007,2007-09-19,2007.0,19.0,Distribution (66kV)
SS116,Bangalore Urban,Bangalore East,H.A.L.,66,01-01-1967,1967-01-01,1967.0,59.0,Distribution (66kV)
SS117,Ramanagar,Kanakapura,Hanumanthanagar,66,26-02-2010,2010-02-26,2010.0,16.0,Distribution (66kV)
SS118,Ramanagar,Kanakapura,Harobele,66,16-09-1994,1994-09-16,1994.0,32.0,Distribution (66kV)
SS119,Bangalore Urban,Bangalore East,HBR Layout,66,31-01-2007,2007-01-31,2007.0,19.0,Distribution (66kV)
SS120,Bangalore Urban,Bangalore North,Hebbal,66,22-06-1996,1996-06-22,1996.0,30.0,Distribution (66kV)
SS121,Ramanagar,Ramanagara,Hejjala,66,04-11-2014,2014-11-04,2014.0,12.0,Distribution (66kV)
SS122,Bangalore Urban,Bangalore East,Hennur Road,66,15-03-2016,2016-03-15,2016.0,10.0,Distribution (66kV)
SS123,Ramanagar,Kanakapura,Honniganahally,66,17-08-2015,2015-08-17,2015.0,11.0,Distribution (66kV)
SS124,Bangalore Urban,Bangalore East,Hoody.,66,15-01-1979,1979-01-15,1979.0,47.0,Distribution (66kV)
SS125,Ramanagar,Magadi,"Hosapalya circle(Shivanasandra)",66,29-08-2018,2018-08-29,2018.0,8.0,Distribution (66kV)
SS126,Bangalore Rural,Hosakote,Hoskote,66,01-09-1964,1964-09-01,1964.0,62.0,Distribution (66kV)
SS127,Chikkaballapur,Gowribidanur,Hosur(Ramapura),66,10-03-2003,2003-03-10,2003.0,23.0,Distribution (66kV)
SS128,Bangalore Urban,Bangalore South,HSR  Layout,66,26-01-1998,1998-01-26,1998.0,28.0,Distribution (66kV)
SS129,Bangalore Urban,Anekal,Hulimangala*,66,30-01-2019,2019-01-30,2019.0,7.0,Distribution (66kV)
SS130,Ramanagar,Magadi,Hullenahalli (Ellapura),66,31-12-2008,2008-12-31,2008.0,18.0,Distribution (66kV)
SS131,Ramanagar,Kanakapura,Hunasenahalli,66,21-06-2010,2010-06-21,2010.0,16.0,Distribution (66kV)
SS132,Kolar,Kolar,Huttur(Kembodi),66,05-12-2007,2007-12-05,2007.0,19.0,Distribution (66kV)
SS133,Ramanagar,Kanakapura,I.Gollahalli (Hukunda),66,17-08-2015,2015-08-17,2015.0,11.0,Distribution (66kV)
SS134,Bangalore Urban,Bangalore East,I.T.I.,66,26-05-1971,1971-05-26,1971.0,55.0,Distribution (66kV)
SS135,Ramanagar,Channapatna,Iggalur,66,18-04-1998,1998-04-18,1998.0,28.0,Distribution (66kV)
SS136,Chikkaballapur,Chintamani,Irgampalli,66,30-07-1983,1983-07-30,1983.0,43.0,Distribution (66kV)
SS137,Bangalore Urban,Bangalore South,ISKCON,66,14-07-2016,2016-07-14,2016.0,10.0,Distribution (66kV)
SS138,Bangalore Urban,Bangalore South,ISRO Layout(South),66,01-01-2007,2007-01-01,2007.0,19.0,Distribution (66kV)
SS139,Kolar,Malur,Jadigenahalli,66,13-03-2009,2009-03-13,2009.0,17.0,Distribution (66kV)
SS140,Ramanagar,Ramanagara,Jalamangala,66,10-02-2009,2009-02-10,2009.0,17.0,Distribution (66kV)
SS141,Chikkaballapur,Shidlagatta,Jangamkote,66,03-03-2017,2017-03-03,2017.0,9.0,Distribution (66kV)
SS142,Bangalore Urban,Bangalore South,Jayadeva,66,24-07-1996,1996-07-24,1996.0,30.0,Distribution (66kV)
SS143,Bangalore Urban,Bangalore South,Jayanagar (GIS),66,13-11-2013,2013-11-13,2013.0,13.0,Distribution (66kV)
SS144,Bangalore Urban,Anekal,Jigani,66,14-08-1990,1990-08-14,1990.0,36.0,Distribution (66kV)
SS145,Bangalore Urban,Anekal,"Jigani linkroad(Bommasandra)",66,28-02-2013,2013-02-28,2013.0,13.0,Distribution (66kV)
SS146,Chikkaballapur,Bagepalli,Julupalya,66,02-06-2009,2009-06-02,2009.0,17.0,Distribution (66kV)
SS147,Bangalore Urban,Bangalore East,K & C Valley,66,10-12-1999,1999-12-10,1999.0,27.0,Distribution (66kV)
SS148,Bangalore Urban,Bangalore East,"Kachamaranahalli(Varthur Road)",66,29-03-2014,2014-03-29,2014.0,12.0,Distribution (66kV)
SS149,Bangalore Urban,Bangalore East,Kadabisanahalli,66,30-04-2007,2007-04-30,2007.0,19.0,Distribution (66kV)
SS150,Bangalore Urban,Bangalore East,Kadugodi,66,04-01-1997,1997-01-04,1997.0,29.0,Distribution (66kV)
SS151,Kolar,Bangarpet,Kamasamudra,66,,,,,Distribution (66kV)
SS152,Ramanagar,Kanakapura,Kanakapura,66,05-04-2003,2003-04-05,2003.0,23.0,Distribution (66kV)
SS153,Bangalore Rural,Doddaballapura,"Kanasawadi(Madhurai)",66,28-06-2007,2007-06-28,2007.0,19.0,Distribution (66kV)
SS154,Bangalore Urban,Bangalore North,"Kanteerava_Stadium(GIS)",66,10-01-2014,2014-01-10,2014.0,12.0,Distribution (66kV)
SS155,Ramanagar,Ramanagara,"Kavanapura(Shivanahalli)",66,25-02-2010,2010-02-25,2010.0,16.0,Distribution (66kV)
SS156,Ramanagar,Ramanagara,Kempanahalli (Bng),66,30-06-2008,2008-06-30,2008.0,18.0,Distribution (66kV)
SS157,Bangalore Urban,Bangalore North,Kengeri Satellite Town,66,17-04-2010,2010-04-17,2010.0,16.0,Distribution (66kV)
SS158,Kolar,Bangarpet,KGF,66,02-10-1969,1969-10-02,1969.0,57.0,Distribution (66kV)
SS159,Bangalore Urban,Bangalore North,KHB Colony,66,30-12-2002,2002-12-30,2002.0,24.0,Distribution (66kV)
SS160,Bangalore Urban,Bangalore South,Khoday's Glass Factory,66,25-05-2005,2005-05-25,2005.0,21.0,Distribution (66kV)
SS161,Bangalore Urban,Bangalore North,Kodigehalli,66,17-01-2015,2015-01-17,2015.0,11.0,Distribution (66kV)
SS162,Chikkaballapur,Chintamani,Kodihalli,66,29-12-2006,2006-12-29,2006.0,20.0,Distribution (66kV)
SS163,Ramanagar,Kanakapura,Kodihalli,66,02-03-2005,2005-03-02,2005.0,21.0,Distribution (66kV)
SS164,Kolar,Kolar,Kolar,66,21-08-2009,2009-08-21,2009.0,17.0,Distribution (66kV)
SS165,Bangalore Rural,Hosakote,Konadasapura,66,10-10-2012,2012-10-10,2012.0,14.0,Distribution (66kV)
SS166,Bangalore Urban,Bangalore South,Koramangala,66,12-04-1996,1996-04-12,1996.0,30.0,Distribution (66kV)
SS167,Ramanagar,Magadi,Kudur,66,23-09-1998,1998-09-23,1998.0,28.0,Distribution (66kV)
SS168,Ramanagar,Ramanagara,Kumbalagodu,66,03-03-1994,1994-03-03,1994.0,32.0,Distribution (66kV)
SS169,Bangalore Rural,Devanahalli,Kundana,66,04-03-2013,2013-03-04,2013.0,13.0,Distribution (66kV)
SS170,Ramanagar,Ramanagara,Kutagallu,66,14-10-2009,2009-10-14,2009.0,17.0,Distribution (66kV)
SS171,Kolar,Kolar,Kyalanur,66,27-09-2007,2007-09-27,2007.0,19.0,Distribution (66kV)
SS172,Kolar,Bangarpet,Kyasamballi,66,30-03-1996,1996-03-30,1996.0,30.0,Distribution (66kV)
SS173,Bangalore Urban,Bangalore North,L R bande,66,26-07-2003,2003-07-26,2003.0,23.0,Distribution (66kV)
SS174,Kolar,Malur,Lakkur,66,30-05-1995,1995-05-30,1995.0,31.0,Distribution (66kV)
SS175,Kolar,Srinivaspur,Lakshmipura,66,29-09-1996,1996-09-29,1996.0,30.0,Distribution (66kV)
SS176,Bangalore Urban,Bangalore East,Leela Venture (Kodihalli),66,15-06-2001,2001-06-15,2001.0,25.0,Distribution (66kV)
SS177,Ramanagar,Magadi,Magadi,66,10-03-1985,1985-03-10,1985.0,41.0,Distribution (66kV)
SS178,Bangalore Urban,Bangalore North,Mahalakshmi Layout,66,16-03-2009,2009-03-16,2009.0,17.0,Distribution (66kV)
SS179,Kolar,Mulbagal,Mallanayakanahalli,66,01-04-2017,2017-04-01,2017.0,9.0,Distribution (66kV)
SS180,Kolar,Srinivaspur,Mallasandra,66,09-01-2008,2008-01-09,2008.0,18.0,Distribution (66kV)
SS181,Kolar,Malur,Malur,66,18-07-1979,1979-07-18,1979.0,47.0,Distribution (66kV)
SS182,Kolar,Malur,Malur IA,66,30-10-2006,2006-10-30,2006.0,20.0,Distribution (66kV)
SS183,Chikkaballapur,Gowribidanur,Manchenahalli,66,26-02-2003,2003-02-26,2003.0,23.0,Distribution (66kV)
SS184,Chikkaballapur,Chikkaballapur,Mandikal,66,30-01-2016,2016-01-30,2016.0,10.0,Distribution (66kV)
SS185,Bangalore Urban,Bangalore South,Manyata Tech Park,66,25-05-2006,2006-05-25,2006.0,20.0,Distribution (66kV)
SS186,Ramanagar,Kanakapura,Maralawadi,66,05-09-1998,1998-09-05,1998.0,28.0,Distribution (66kV)
SS187,Kolar,Malur,Masti,66,16-09-1987,1987-09-16,1987.0,39.0,Distribution (66kV)
SS188,Bangalore Urban,Bangalore North,Mathikere,66,27-09-2004,2004-09-27,2004.0,22.0,Distribution (66kV)
SS189,Ramanagar,Magadi,Mattikere (Hellegalli),66,12-01-2018,2018-01-12,2018.0,8.0,Distribution (66kV)
SS190,Bangalore Urban,Bangalore North,MEI Layout(Bagalkunte),66,31-08-2007,2007-08-31,2007.0,19.0,Distribution (66kV)
SS191,Ramanagar,Ramanagara,Mellehalli,66,31-03-2007,2007-03-31,2007.0,19.0,Distribution (66kV)
SS192,Chikkaballapur,Shidlagatta,Melur,66,30-10-2006,2006-10-30,2006.0,20.0,Distribution (66kV)
SS193,Kolar,Mulbagal,Mudiyanur,66,23-11-2007,2007-11-23,2007.0,19.0,Distribution (66kV)
SS194,Kolar,Mulbagal,Mulbagal,66,16-10-1991,1991-10-16,1991.0,35.0,Distribution (66kV)
SS195,Bangalore Urban,Bangalore East,N.G.E.F.,66,21-11-1987,1987-11-21,1987.0,39.0,Distribution (66kV)
SS196,Chikkaballapur,Chintamani,N.G.Halli,66,12-03-1995,1995-03-12,1995.0,31.0,Distribution (66kV)
SS197,Kolar,Bangarpet,N.G.Hulkur,66,10-07-2014,2014-07-10,2014.0,12.0,Distribution (66kV)
SS198,Bangalore Urban,Bangalore South,Naganathapura,66,30-10-1999,1999-10-30,1999.0,27.0,Distribution (66kV)
SS199,Bangalore Rural,Hosakote,Nandagudi,66,22-11-1997,1997-11-22,1997.0,29.0,Distribution (66kV)
SS200,Chikkaballapur,Chintamani,Nandiganahalli,66,11-10-2017,2017-10-11,2017.0,9.0,Distribution (66kV)
SS201,Bangalore Urban,Bangalore North,Nandini Layout,66,08-06-1990,1990-06-08,1990.0,36.0,Distribution (66kV)
SS202,Kolar,Mulbagal,Nangli,66,15-05-1996,1996-05-15,1996.0,30.0,Distribution (66kV)
SS203,Kolar,Kolar,Narasapura,66,07-05-2008,2008-05-07,2008.0,18.0,Distribution (66kV)
SS204,Bangalore Urban,Bangalore South,"National College (GIS)(Mahila Samaja)",66,28-01-2015,2015-01-28,2015.0,11.0,Distribution (66kV)
SS205,Bangalore Urban,Bangalore North,Nelakadirenahalli,66,28-02-2009,2009-02-28,2009.0,17.0,Distribution (66kV)
SS206,Bangalore Rural,Nelamangala,Nelamangala,66,10-10-1980,1980-10-10,1980.0,46.0,Distribution (66kV)
SS207,Chikkaballapur,Chikkaballapur,Nellimaradahalli,66,26-11-2007,2007-11-26,2007.0,19.0,Distribution (66kV)
SS208,Bangalore Urban,Bangalore South,Nimhans,66,26-02-2004,2004-02-26,2004.0,22.0,Distribution (66kV)
SS209,Bangalore Urban,Bangalore North,NRS Rajajinagar,66,01-06-1998,1998-06-01,1998.0,28.0,Distribution (66kV)
SS210,Bangalore Urban,Bangalore South,Padmanabhanagar,66,27-02-2004,2004-02-27,2004.0,22.0,Distribution (66kV)
SS211,Chikkaballapur,Shidlagatta,Pallicherlu,66,06-01-2017,2017-01-06,2017.0,9.0,Distribution (66kV)
SS212,Chikkaballapur,Bagepalli,Pathapalya,66,30-03-2012,2012-03-30,2012.0,14.0,Distribution (66kV)
SS213,Chikkaballapur,Chikkaballapur,Peresandra,66,12-07-1984,1984-07-12,1984.0,42.0,Distribution (66kV)
SS214,Bangalore Rural,Hosakote,Pillaguppa,66,27-06-1985,1985-06-27,1985.0,41.0,Distribution (66kV)
SS215,Bangalore Urban,Bangalore North,Platinum city,66,25-11-2009,2009-11-25,2009.0,17.0,Distribution (66kV)
SS216,Bangalore Urban,Bangalore East,Pottery Road,66,29-04-1979,1979-04-29,1979.0,47.0,Distribution (66kV)
SS217,Bangalore Urban,Bangalore South,Primal Project,66,31-08-2015,2015-08-31,2015.0,11.0,Distribution (66kV)
SS218,Bangalore Urban,Bangalore South,R R Nagar,66,30-12-1998,1998-12-30,1998.0,28.0,Distribution (66kV)
SS219,Bangalore Urban,Bangalore North,Rajankunte,66,10-10-2008,2008-10-10,2008.0,18.0,Distribution (66kV)
SS220,Ramanagar,Ramanagara,Ramanagara,66,04-02-1970,1970-02-04,1970.0,56.0,Distribution (66kV)
SS221,Ramanagar,Kanakapura,Ranganadoddi,66,01-11-1997,1997-11-01,1997.0,29.0,Distribution (66kV)
SS222,Bangalore Urban,Bangalore South,RBI,66,06-02-2002,2002-02-06,2002.0,24.0,Distribution (66kV)
SS223,Bangalore Urban,Bangalore North,REMCO,66,03-12-2010,2010-12-03,2010.0,16.0,Distribution (66kV)
SS224,Bangalore Urban,Bangalore North,RMV,66,05-02-1998,1998-02-05,1998.0,28.0,Distribution (66kV)
SS225,Kolar,Kolar,S.M.Mangala,66,19-11-2006,2006-11-19,2006.0,20.0,Distribution (66kV)
SS226,Chikkaballapur,Shidlagatta,Sadali,66,01-09-1996,1996-09-01,1996.0,30.0,Distribution (66kV)
SS227,Bangalore Urban,Bangalore North,Sahakarnagar,66,27-07-2003,2003-07-27,2003.0,23.0,Distribution (66kV)
SS228,Ramanagar,Channapatna,Sankalagere,66,18-02-2016,2016-02-18,2016.0,10.0,Distribution (66kV)
SS229,Bangalore Urban,Bangalore South,Sarakki,66,01-09-1976,1976-09-01,1976.0,50.0,Distribution (66kV)
SS230,Bangalore Urban,Bangalore East,Shobha Apartments,66,21-01-2012,2012-01-21,2012.0,14.0,Distribution (66kV)
SS231,Bangalore Urban,Bangalore North,Shreegandhakaval,66,18-05-2016,2016-05-18,2016.0,10.0,Distribution (66kV)
SS232,Ramanagar,Magadi,Shrigiripura,66,12-03-2019,2019-03-12,2019.0,7.0,Distribution (66kV)
SS233,Chikkaballapur,Shidlagatta,Sidlaghatta,66,18-09-1992,1992-09-18,1992.0,34.0,Distribution (66kV)
SS234,Bangalore Urban,Bangalore North,Sir MV Layout,66,20-07-2010,2010-07-20,2010.0,16.0,Distribution (66kV)
SS235,Bangalore Urban,Bangalore North,Soladevanahalli,66,10-03-1995,1995-03-10,1995.0,31.0,Distribution (66kV)
SS236,Bangalore Urban,Bangalore South,Somanahalli,66,01-07-1986,1986-07-01,1986.0,40.0,Distribution (66kV)
SS237,Kolar,Srinivaspur,Somayajanahalli,66,04-04-2003,2003-04-04,2003.0,23.0,Distribution (66kV)
SS238,Chikkaballapur,Gudibande,Somenahalli,66,27-01-2016,2016-01-27,2016.0,10.0,Distribution (66kV)
SS239,Chikkaballapur,Bagepalli,Somnathpura,66,21-06-1981,1981-06-21,1981.0,45.0,Distribution (66kV)
SS240,Bangalore Urban,Bangalore South,Southcity (Kothnur),66,28-05-2007,2007-05-28,2007.0,19.0,Distribution (66kV)
SS241,Kolar,Srinivaspur,Srinivaspur,66,27-09-2004,2004-09-27,2004.0,22.0,Distribution (66kV)
SS242,Bangalore Urban,Bangalore North,SRS Peenya,66,25-01-1965,1965-01-25,1965.0,61.0,Distribution (66kV)
SS243,Bangalore Urban,Bangalore South,St Johns Wood (Adugodi),66,30-03-2009,2009-03-30,2009.0,17.0,Distribution (66kV)
SS244,Bangalore Urban,Bangalore South,Subramanyapura,66,02-10-1986,1986-10-02,1986.0,40.0,Distribution (66kV)
SS245,Kolar,Kolar,Sugutur,66,20-08-2008,2008-08-20,2008.0,18.0,Distribution (66kV)
SS246,Bangalore Rural,Hosakote,Sulibele,66,11-09-1998,1998-09-11,1998.0,28.0,Distribution (66kV)
SS247,Bangalore Urban,Anekal,Suryanagar_KHB,66,25-09-2010,2010-09-25,2010.0,16.0,Distribution (66kV)
SS248,Bangalore Rural,Nelamangala,T Begur,66,30-07-2010,2010-07-30,2010.0,16.0,Distribution (66kV)
SS249,Chikkaballapur,Chintamani,Talagawara,66,28-10-1993,1993-10-28,1993.0,33.0,Distribution (66kV)
SS250,Kolar,Kolar,Tamaka,66,12-03-1987,1987-03-12,1987.0,39.0,Distribution (66kV)
SS251,Bangalore Urban,Bangalore North,TATA Institute(IISC),66,26-01-2000,2000-01-26,2000.0,26.0,Distribution (66kV)
SS252,Ramanagar,Magadi,Tavarekere,66,04-09-2000,2000-09-04,2000.0,26.0,Distribution (66kV)
SS253,Kolar,Mulbagal,Tayalur,66,02-03-1998,1998-03-02,1998.0,28.0,Distribution (66kV)
SS254,Kolar,Malur,Tekal,66,30-06-2000,2000-06-30,2000.0,26.0,Distribution (66kV)
SS255,Bangalore Urban,Bangalore North,Telecom Layout,66,26-12-2005,2005-12-26,2005.0,21.0,Distribution (66kV)
SS256,Ramanagar,Magadi,TG Halli,66,31-08-2007,2007-08-31,2007.0,19.0,Distribution (66kV)
SS257,Chikkaballapur,Bagepalli,Thimmampalli,66,03-06-1998,1998-06-03,1998.0,28.0,Distribution (66kV)
SS258,Chikkaballapur,Gowribidanur,Thondebhavi,66,17-04-1992,1992-04-17,1992.0,34.0,Distribution (66kV)
SS259,Bangalore Rural,Nelamangala,Thyamagondlu,66,28-07-2010,2010-07-28,2010.0,16.0,Distribution (66kV)
SS260,Bangalore Rural,Doddaballapura,Tubagere,66,31-03-2007,2007-03-31,2007.0,19.0,Distribution (66kV)
SS261,Ramanagar,Channapatna,Vandaraguppe,66,Completed,,,,Distribution (66kV)
SS262,Chikkaballapur,Gowribidanur,Vatadahosahalli,66,13-02-1994,1994-02-13,1994.0,32.0,Distribution (66kV)
SS263,Kolar,Kolar,Vemgal,66,18-03-1992,1992-03-18,1992.0,34.0,Distribution (66kV)
SS264,Ramanagar,Kanakapura,Venkatarayanadoddi,66,10-01-2008,2008-01-10,2008.0,18.0,Distribution (66kV)
SS265,Ramanagar,Magadi,VG_Doddi,66,24-08-2012,2012-08-24,2012.0,14.0,Distribution (66kV)
SS266,Bangalore Urban,Bangalore North,Victoria Hospital,66,21-02-1999,1999-02-21,1999.0,27.0,Distribution (66kV)
SS267,Chikkaballapur,Gowribidanur,Vidurashwatha,66,24-03-2008,2008-03-24,2008.0,18.0,Distribution (66kV)
SS268,Bangalore Urban,Bangalore North,Vidyanagar,66,30-11-2004,2004-11-30,2004.0,22.0,Distribution (66kV)
SS269,Bangalore Urban,Bangalore North,Vijayanagar,66,11-02-1991,1991-02-11,1991.0,35.0,Distribution (66kV)
SS270,Bangalore Rural,Devanahalli,Vijaypura,66,01-01-1971,1971-01-01,1971.0,55.0,Distribution (66kV)
SS271,Kolar,Kolar,Vokkaleri,66,07-08-1986,1986-08-07,1986.0,40.0,Distribution (66kV)
SS272,Bangalore Rural,Hosakote,Volvo (Yelachenahalli),66,26-05-1998,1998-05-26,1998.0,28.0,Distribution (66kV)
SS273,Bangalore Urban,Bangalore North,Welcast Steel,66,19-02-2007,2007-02-19,2007.0,19.0,Distribution (66kV)
SS274,Bangalore Urban,Bangalore North,WIDIA,66,07-08-2003,2003-08-07,2003.0,23.0,Distribution (66kV)
SS275,Chikkaballapur,Shidlagatta,Y.Hunsenahalli,66,07-07-1996,1996-07-07,1996.0,30.0,Distribution (66kV)
SS276,Bangalore Urban,Bangalore South,Yarandanahalli,66,24-02-1999,1999-02-24,1999.0,27.0,Distribution (66kV)
SS277,Ramanagar,Kanakapura,Yedamadu,66,01-02-2010,2010-02-01,2010.0,16.0,Distribution (66kV)
SS278,Bangalore Urban,Bangalore North,Yelahanka,66,21-11-1984,1984-11-21,1984.0,42.0,Distribution (66kV)
SS279,Kolar,Srinivaspur,Yeldur,66,02-03-1998,1998-03-02,1998.0,28.0,Distribution (66kV)
SS280,Chikkaballapur,Chintamani,Yenigadale,66,10-12-2002,2002-12-10,2002.0,24.0,Distribution (66kV)
