target,date,actual,fitted
pm25,2017-01-01,50.6,50.09
pm25,2017-02-01,49.1,45.38
pm25,2017-03-01,47.2,40.5
pm25,2017-04-01,46.4,36.56
pm25,2017-05-01,40.7,34.44
pm25,2017-06-01,42.1,34.52
pm25,2017-07-01,36.8,36.59
pm25,2017-08-01,37.0,39.92
pm25,2017-09-01,33.7,43.41
pm25,2017-10-01,45.0,45.96
pm25,2017-11-01,39.7,46.7
pm25,2017-12-01,42.5,45.23
pm25,2018-01-01,21.2,41.77
pm25,2018-02-01,45.4,37.06
pm25,2018-03-01,19.5,32.18
pm25,2018-04-01,21.6,28.24
pm25,2018-05-01,13.1,26.12
pm25,2018-06-01,28.5,26.2
pm25,2018-07-01,30.9,28.27
pm25,2018-08-01,30.1,31.6
pm25,2018-09-01,32.8,35.09
pm25,2018-10-01,45.6,37.64
pm25,2018-11-01,49.7,38.38
pm25,2018-12-01,49.6,36.91
pm10,2017-01-01,105.7,99.58
pm10,2017-02-01,103.3,99.4
pm10,2017-03-01,98.1,96.66
pm10,2017-04-01,97.9,92.06
pm10,2017-05-01,80.6,86.82
pm10,2017-06-01,79.5,82.31
pm10,2017-07-01,80.3,79.72
pm10,2017-08-01,86.1,79.7
pm10,2017-09-01,77.2,82.25
pm10,2017-10-01,90.6,86.65
pm10,2017-11-01,82.0,91.69
pm10,2017-12-01,84.0,96.01
pm10,2018-01-01,93.5,98.41
pm10,2018-02-01,94.5,98.23
pm10,2018-03-01,94.1,95.49
pm10,2018-04-01,106.6,90.9
pm10,2018-05-01,85.5,85.66
pm10,2018-06-01,70.3,81.15
pm10,2018-07-01,73.8,78.55
pm10,2018-08-01,77.1,78.54
pm10,2018-09-01,82.6,81.08
pm10,2018-10-01,103.1,85.48
pm10,2018-11-01,98.0,90.53
pm10,2018-12-01,87.3,94.84
